,category,ASV,sequence,010721-1B,010721-2B,010721-3B,010721-4B,010721-5B,010721-6B,010721-TAP,030120-1B,030120-2B,030120-3B,030120-4B,030120-5B,030120-6B,030120-TAP,040921-1B,040921-2B,040921-3B,040921-4B,040921-5B,040921-6B,040921-TAP,071420-1B,071420-2B,071420-3B,071420-4B,071420-5B,071420-6B,071420-TAP,081120-1B,081120-2B,081120-3B,081120-4B,081120-5B,081120-6B,081120-TAP,102020-1B,102020-2B,102020-3B,102020-4B,102020-5B,102020-6B,102020-TAP
ACTATGCCCCGCCGTAAACTTAGATATTCCAGTACAACAAATATCCGCCAGGGGACTACGAGCGCCAGCTTAAAACCCAAAGGACTTGGCGGTGCTTCAGACCCCC,1,Atl_menhaden_LS16_or_river_herrings,ACTATGCCCCGCCGTAAACTTAGATATTCCAGTACAACAAATATCCGCCAGGGGACTACGAGCGCCAGCTTAAAACCCAAAGGACTTGGCGGTGCTTCAGACCCCC,66515,19562,7082,5521,378,26410,42,36268,43767,449,32892,17978,12952,72,19149,19398,6276,6059,20650,12046,23,6166,24402,3048,16669,13776,7867,26,5648,0,2469,0,3863,1429,32,36016,9366,2077,891,2720,3127,0
ACTATGCCCCGCCGTAAACTTAGATATTCCAGTACAATAAATATCCGCCAGGGGACTACGAGCGCCAGCTTAAAACCCAAAGGACTTGGCGGTGCTTCAGACCCCC,1,Atl_menhaden_LS17,ACTATGCCCCGCCGTAAACTTAGATATTCCAGTACAATAAATATCCGCCAGGGGACTACGAGCGCCAGCTTAAAACCCAAAGGACTTGGCGGTGCTTCAGACCCCC,70822,14680,4616,2150,231,13970,0,20522,29909,451,47056,0,8407,63,15184,12494,9866,3271,12558,8545,0,4835,14788,7495,23243,13439,15323,0,0,4672,1980,455,4226,832,0,45232,12572,4630,1032,2865,8001,26
ACTATGCCCAGCCGTAAACTTTAATGCTAATGTACAACTAGCATCCGCCAGGGGACTACGAGCACCAGCTTAAAACCCAAAGGACTTGGCGGTGCCTCAGACCCCC,1,Brd_striped_anchovy,ACTATGCCCAGCCGTAAACTTTAATGCTAATGTACAACTAGCATCCGCCAGGGGACTACGAGCACCAGCTTAAAACCCAAAGGACTTGGCGGTGCCTCAGACCCCC,17,0,0,0,0,246,0,0,0,0,0,0,0,107,19,0,0,0,0,840,0,139394,5279,27,2408,531,0,5,1252,0,1293,3129,0,0,0,125,0,0,0,0,0,0
ACTATGCCTAGCCGTAAACTTTTATGCTAATGTACAACTAGCATCCGCCAGGGAACTACAAGCACCAGCTTAAAACCCAAAGGACTTGGCGGTGCCTCAGACCCCC,1,Bay_anchovy,ACTATGCCTAGCCGTAAACTTTTATGCTAATGTACAACTAGCATCCGCCAGGGAACTACAAGCACCAGCTTAAAACCCAAAGGACTTGGCGGTGCCTCAGACCCCC,0,0,0,0,38,0,0,14,0,0,0,0,0,599,0,0,0,12,0,0,0,103303,5466,0,9899,381,669,0,28,17,0,13680,26,27,6,0,218,300,83,284,0,0
ACTATGCTTAGCCGTAAACATTGATAGAGATTTACACCTTCTATCCGCCTGGGAACTACGAGCATTAGCTTAAAACCCAAAGGACTTGGCGGTACTTTAGATCCCC,1,Am_butterfish,ACTATGCTTAGCCGTAAACATTGATAGAGATTTACACCTTCTATCCGCCTGGGAACTACGAGCATTAGCTTAAAACCCAAAGGACTTGGCGGTACTTTAGATCCCC,8,3565,16,20,135,1592,0,0,0,11,0,0,11,291,0,0,425,4,0,0,0,1080,13,57,1042,0,68,0,11270,3033,41742,8352,1171,30912,20,0,0,0,111,0,11,0
ACTATGCTTAGCCTTAAACATTGACAACAACATACACCTGTTGTCCGCCTGGGTACTACGAGCATTAGCTTAAAACCCAAAGGACTTGGCGGTGCTTTAGACCCAC,1,Weakfish_Cyn,ACTATGCTTAGCCTTAAACATTGACAACAACATACACCTGTTGTCCGCCTGGGTACTACGAGCATTAGCTTAAAACCCAAAGGACTTGGCGGTGCTTTAGACCCAC,13,713,43,7,1329,240,0,0,0,0,0,0,0,34,0,390,0,0,0,495,0,1085,2971,1667,4698,0,50368,0,866,14,2644,1101,6,34,0,0,0,0,122,0,6,0
ACTATGCCCCGCCGTAAACTTAGATATTTCAGTACAATAAATATCCGCCAGGGGACTACGAGCGCCAGCTTAAAACCCAAAGGACTTGGCGGTGCTTCAGACCCCC,1.1,Atl_menhaden_LS15,ACTATGCCCCGCCGTAAACTTAGATATTTCAGTACAATAAATATCCGCCAGGGGACTACGAGCGCCAGCTTAAAACCCAAAGGACTTGGCGGTGCTTCAGACCCCC,8189,752,372,178,0,1070,0,4382,5513,0,0,7248,0,0,3417,134,102,417,953,421,0,0,773,0,2910,2616,1216,0,0,0,0,175,1192,0,0,4846,970,884,55,516,553,0
ACTATGTGTGGTCCTCAACATCGATAATTATTGTACTTAAATTATCCGCCCGGGAACTACGAGCATTAGCTTAAAACCCAAAGGACTTGGCGGTGCTTTAGACCCCC,1,Red_White_or_Spotted_hake,ACTATGTGTGGTCCTCAACATCGATAATTATTGTACTTAAATTATCCGCCCGGGAACTACGAGCATTAGCTTAAAACCCAAAGGACTTGGCGGTGCTTTAGACCCCC,2337,775,218,88,11783,610,5,0,0,0,4350,0,7,8,3014,7964,1695,927,5505,6,0,103,0,0,0,563,530,4,4,0,0,0,7,0,8,0,0,0,0,4,0,0
ACTATGCTTAGCCCTAAACATCGATTGTATAATACACTCAATATCCGCCCGGGGATTACAAACGTTAGTTTAAAACCCAAAGGACTTGGCGGTGCTTAACATCCAC,1,Summ_flounder,ACTATGCTTAGCCCTAAACATCGATTGTATAATACACTCAATATCCGCCCGGGGATTACAAACGTTAGTTTAAAACCCAAAGGACTTGGCGGTGCTTAACATCCAC,0,0,0,0,27,0,0,0,0,0,0,0,0,0,0,1765,5,0,1309,0,2,4220,3742,4541,9568,0,2002,0,0,0,0,0,0,0,0,0,0,0,46,0,0,0
ACTATGCTTAGCCCCAAACATTGATAGCACACCACATATGCTATCCGCCCGGGAAGTAAGTGCACGAGCTTGAAACCCAAAGGACTTGGCGGTGCTTTAGATCCCC,1,Nor_sea_robin,ACTATGCTTAGCCCCAAACATTGATAGCACACCACATATGCTATCCGCCCGGGAAGTAAGTGCACGAGCTTGAAACCCAAAGGACTTGGCGGTGCTTTAGATCCCC,0,0,0,0,0,0,0,0,0,0,0,0,0,0,0,0,0,0,0,0,0,0,0,0,0,0,0,0,0,13985,0,0,0,0,0,0,0,0,0,0,0,0
ACTATGCTCAGCCCTAAACATTGGTAGCGCATCACAGCCGCTACCCGCCTGGGTACTACGAGCACCAGCTTAAAACCCAAAGGACTTGGCGGTGCTTTAGACCCCC,1,Black_sea_bass,ACTATGCTCAGCCCTAAACATTGGTAGCGCATCACAGCCGCTACCCGCCTGGGTACTACGAGCACCAGCTTAAAACCCAAAGGACTTGGCGGTGCTTTAGACCCCC,2,0,14,0,47,227,0,0,0,0,0,0,0,0,0,0,0,60,0,0,3,4030,3167,0,2461,0,0,0,3002,0,0,0,10,0,0,0,0,0,0,0,0,0
ACTATGCCTAGCCGTAAACATCGATAGTGCATTACGTTAACTATCCGCCCGGGTACTACGAGCATGAGCTTAAAACCCAAAGGACTTGGCGGTGCTTTAGATCCAC,1,Tautog,ACTATGCCTAGCCGTAAACATCGATAGTGCATTACGTTAACTATCCGCCCGGGTACTACGAGCATGAGCTTAAAACCCAAAGGACTTGGCGGTGCTTTAGATCCAC,0,0,0,15,93,0,0,0,0,0,0,0,0,0,2321,0,0,0,0,0,0,1355,0,4709,929,0,0,0,0,0,0,0,0,0,0,292,0,0,0,0,0,0
ACTATGCCTAGCCGTAAACTTTGGTGATAAAACACACATATCACCCGCCCGGGTACTACGAGCATTAGCTTAAAACCCAAAGGACTTGGCGGTGCTTTAGATCCAC,1,Atl_silverside,ACTATGCCTAGCCGTAAACTTTGGTGATAAAACACACATATCACCCGCCCGGGTACTACGAGCATTAGCTTAAAACCCAAAGGACTTGGCGGTGCTTTAGATCCAC,2931,3177,553,6,0,139,0,0,0,0,0,0,0,0,0,0,0,61,0,617,0,0,0,0,0,0,0,0,0,0,0,0,0,0,0,492,0,0,0,0,0,0
ACTATGCCCCGCCGTAAACTTAGATATATTAGTACAACAAATATCCGCCCGGGAACTACGAGCGCCAGCTTAAAACCCAAAGGACTTGGCGGTGCTTCAGACCCCC,1,Atl_herring,ACTATGCCCCGCCGTAAACTTAGATATATTAGTACAACAAATATCCGCCCGGGAACTACGAGCGCCAGCTTAAAACCCAAAGGACTTGGCGGTGCTTCAGACCCCC,591,0,247,26,0,0,0,0,0,0,0,0,0,0,428,996,0,67,265,0,0,0,0,0,0,0,0,0,0,0,0,0,0,0,0,0,0,0,0,0,0,0
ACTATGCTTAGCCCTAAACATCGATTGTGTAATACACTCAATATCCGCCCGGGGATTACAAACGTTAGTTTAAAACCCAAAGGACTTGGCGGTGCTTAACATCCAC,1,Summ_flounder99a,ACTATGCTTAGCCCTAAACATCGATTGTGTAATACACTCAATATCCGCCCGGGGATTACAAACGTTAGTTTAAAACCCAAAGGACTTGGCGGTGCTTAACATCCAC,1154,242,239,84,0,787,0,0,0,0,0,0,0,0,0,0,0,0,0,0,0,0,0,0,0,0,0,0,0,0,0,0,0,0,0,0,0,0,0,0,0,0
ACTATGCCCTGCCGTAAACTTAGATATTTCAATACAACAAATATCCGCCCGGGGACTACGAGCGCCAGCTTAAAACCCAAAGGACTTGGCGGTGCTTCAGACCCCC,1,Am_gizzard_shad,ACTATGCCCTGCCGTAAACTTAGATATTTCAATACAACAAATATCCGCCCGGGGACTACGAGCGCCAGCTTAAAACCCAAAGGACTTGGCGGTGCTTCAGACCCCC,0,0,0,0,646,42,0,0,0,0,0,0,0,0,0,0,0,0,0,0,0,0,0,0,0,0,0,0,0,0,0,0,0,0,0,104,118,263,38,956,0,0
ACTATGCCCGGCCGTAAACGTTGATATGTAATTACAAATAATATCCGCCCGGGTACTACGAGCGTCAGCTTAAAACCCAAAGAACTTGGCGGTGCTTTAGACCCCC,1,Dwarf_goatfish,ACTATGCCCGGCCGTAAACGTTGATATGTAATTACAAATAATATCCGCCCGGGTACTACGAGCGTCAGCTTAAAACCCAAAGAACTTGGCGGTGCTTTAGACCCCC,0,0,0,0,0,0,0,0,0,0,0,0,0,0,0,0,0,0,0,0,0,0,0,0,0,0,0,0,0,0,1740,0,0,164,0,0,0,0,0,0,0,0
ACTATGCTTAGCCCTAAACATTGACAACAACATACACCTGTTGTCCGCCTGGGAACTACGAGCATCAGCTTGAAACCCAAAGGACTTGGCGGTGCTTTAGATCCAC,1,Black_drum_or_Spot,ACTATGCTTAGCCCTAAACATTGACAACAACATACACCTGTTGTCCGCCTGGGAACTACGAGCATCAGCTTGAAACCCAAAGGACTTGGCGGTGCTTTAGATCCAC,271,556,85,0,0,136,0,0,0,0,0,0,0,0,0,51,0,0,238,0,0,0,0,0,0,0,0,0,0,0,0,0,0,0,0,0,0,0,37,0,0,0
ACTATGCTTAGCCCTAAACATAGAATAAACTTTACTTAATATACTCCGCCCGGGTATTACGAGCATCAGCTTAAAACCCAAAGGACTTGGCGGTGCTTTACATCCAC,1,Smallmouth_flounder,ACTATGCTTAGCCCTAAACATAGAATAAACTTTACTTAATATACTCCGCCCGGGTATTACGAGCATCAGCTTAAAACCCAAAGGACTTGGCGGTGCTTTACATCCAC,0,0,2,0,342,0,0,0,0,0,0,0,0,21,0,0,0,0,0,0,0,0,0,0,0,0,0,0,0,0,3,685,0,0,0,0,0,0,0,0,0,0
ACTATGCTTAGCCTTAAACATTGATCGTTTACCACATCAAACATCCGCCTGGGGATTACGAACACTAGTTTAAAACCCAAAGGACTTGGCGGTGCTTAACATCCAC,1,Atl_moonfish,ACTATGCTTAGCCTTAAACATTGATCGTTTACCACATCAAACATCCGCCTGGGGATTACGAACACTAGTTTAAAACCCAAAGGACTTGGCGGTGCTTAACATCCAC,0,0,0,0,456,0,0,0,0,0,0,0,0,0,0,0,0,0,0,0,0,0,0,0,0,0,0,0,0,0,0,0,0,396,3,0,0,0,0,0,0,0
ACTATGCTTAGTCCTAAACATTGACAACAACACACGCCTGTTGTCCGCCTGGGGACTACGAGCACCAGCTTAAAACCCAAAGGACTTGGCGGTGCTTTAGATCCAC,1,Nor_kingfish,ACTATGCTTAGTCCTAAACATTGACAACAACACACGCCTGTTGTCCGCCTGGGGACTACGAGCACCAGCTTAAAACCCAAAGGACTTGGCGGTGCTTTAGATCCAC,0,0,32,0,36,0,0,0,0,0,0,0,0,0,0,0,0,0,0,0,0,137,0,0,0,0,0,0,0,0,0,0,0,0,0,197,0,0,0,0,0,0
ACTATGTTTAGTCGTAAAACTTCGTAGCCGCCAGGATACTACGAGCAACTGCTTAAAAACCAAAGGCCCTGGCGGTGCTTTATTCCCC,1,Oyster_toadfish95,ACTATGTTTAGTCGTAAAACTTCGTAGCCGCCAGGATACTACGAGCAACTGCTTAAAAACCAAAGGCCCTGGCGGTGCTTTATTCCCC,0,0,0,0,0,0,0,0,0,0,0,0,0,3,0,0,0,0,0,0,0,0,0,0,0,0,0,0,0,0,0,0,0,0,0,0,0,0,0,235,0,0
ACTATGCTCAACCTTAAACAACGATGACAACATACAAATATCATCCGCCAGGGGACTACGAGCGTTAGCTTAAAACCCAAAGGACTTGGCGGTGCCTCAAACCCAC,1,Am_eel,ACTATGCTCAACCTTAAACAACGATGACAACATACAAATATCATCCGCCAGGGGACTACGAGCGTTAGCTTAAAACCCAAAGGACTTGGCGGTGCCTCAAACCCAC,0,0,0,0,0,0,0,0,0,0,0,0,0,0,0,0,0,0,0,0,0,0,0,0,0,0,0,0,0,0,0,0,0,0,0,238,0,0,0,0,0,0
ACTATGCTTAGCCCTAAACATCGATTGCACCATACACTCCATATCCGCCCGGGAATTATGAACGTCAGTTTAAAACCCAAAGGACTTGGCGGTGCTTAACATCCAC,1,Winter_or_Yellowtail_flounder,ACTATGCTTAGCCCTAAACATCGATTGCACCATACACTCCATATCCGCCCGGGAATTATGAACGTCAGTTTAAAACCCAAAGGACTTGGCGGTGCTTAACATCCAC,0,0,0,0,0,0,0,0,0,0,0,0,0,0,0,0,0,0,0,0,0,232,0,0,0,0,0,0,0,0,0,0,0,0,0,0,0,0,0,0,0,0
ACTATGCTTAGCCCTAAACATCGATTGTAAAATACACTCAAAATCCGCCCGGGTATTACGAACATTAGTTTAAAACCCAAAGGACTTGGCGGTGCTTAACATCCAC,1,Fourspot_flounder,ACTATGCTTAGCCCTAAACATCGATTGTAAAATACACTCAAAATCCGCCCGGGTATTACGAACATTAGTTTAAAACCCAAAGGACTTGGCGGTGCTTAACATCCAC,0,0,0,0,185,0,0,0,0,0,0,0,0,0,0,0,0,0,0,0,0,0,0,0,0,0,0,0,0,0,0,0,0,0,0,0,0,0,0,0,0,0
ACTATGCCTAGCCCTAAACATCGATAGCGCACTACATCTGCTATCCGCCTGGGAACTACGAGCACCAGCTTGAAACCCAAAGGACTTGGCGGTGCTTTAGATCCAC,1,Atl_or_nor_sand_lance,ACTATGCCTAGCCCTAAACATCGATAGCGCACTACATCTGCTATCCGCCTGGGAACTACGAGCACCAGCTTGAAACCCAAAGGACTTGGCGGTGCTTTAGATCCAC,0,0,16,0,0,0,0,0,0,0,0,0,0,0,0,102,0,0,0,0,0,0,0,0,0,0,0,0,0,0,0,0,0,0,0,0,0,0,0,0,0,0
ACTATGCACAGCCGTAAACTTTGATAAGAATATACAACATTATCCGCCTGGGTACTACGAGCGTAAGCTTAAAACCCAAAGGACTTGGCGGTGCTTTAGATCCAC,1,Mummichog,ACTATGCACAGCCGTAAACTTTGATAAGAATATACAACATTATCCGCCTGGGTACTACGAGCGTAAGCTTAAAACCCAAAGGACTTGGCGGTGCTTTAGATCCAC,0,0,0,0,0,0,0,0,0,0,0,0,0,0,101,0,0,0,0,0,0,0,0,0,0,0,0,0,0,0,0,0,0,0,0,0,0,0,0,0,0,0
ACTATGCTTAGCCCTAAACATTGACAACAAGATACAACTGTTGTCCGCCTGGACACTACGAGCACCAGCTTGAAAGCCAAAGGACTTGGCGGTGCCTTAGACCCAC,1,Silver_perch(nibea93),ACTATGCTTAGCCCTAAACATTGACAACAAGATACAACTGTTGTCCGCCTGGACACTACGAGCACCAGCTTGAAAGCCAAAGGACTTGGCGGTGCCTTAGACCCAC,0,0,10,0,15,0,0,0,0,0,0,0,0,0,0,0,0,0,0,0,0,0,0,0,0,0,0,0,0,0,0,0,0,0,0,0,0,0,0,0,0,0
ACTATGCTTAGCCTTAAACTTAGATAATAGATTACCTAAATTATCCGCCTGGGGACTACGAGCACTAGCTTAAAACCCAAAGGACTTGGCGGTGCTTAATAACCCC,1,Feather_blenny,ACTATGCTTAGCCTTAAACTTAGATAATAGATTACCTAAATTATCCGCCTGGGGACTACGAGCACTAGCTTAAAACCCAAAGGACTTGGCGGTGCTTAATAACCCC,0,0,0,0,18,0,0,0,0,0,0,0,0,0,0,0,0,0,0,0,0,0,0,0,0,0,0,0,0,0,0,0,0,0,0,0,0,0,0,0,0,0
ACTATGCCTAGCCGTAAACATAAACAGCCTGTCACCCCGCTGTTCGCCCGGGTACTACAAGCCCTAGCTTAAAACCCAAAGGACTTGGCGGTGCTTTAGACCCC,1,Naked_goby,ACTATGCCTAGCCGTAAACATAAACAGCCTGTCACCCCGCTGTTCGCCCGGGTACTACAAGCCCTAGCTTAAAACCCAAAGGACTTGGCGGTGCTTTAGACCCC,0,0,0,0,0,0,0,0,0,0,0,0,0,0,0,0,0,0,0,0,0,0,0,0,0,0,0,0,0,0,0,0,0,0,0,0,18,0,0,0,0,0
ACTATGTGTGGCTGTTAACATCGAGGGCCCGATACTCTGACCCTCCGCCCGGGGACTACGAGCACTAGCTTAAAACCCAAAGGACTTGGCGGTGCTTTACCC,1,Silver_hake,ACTATGTGTGGCTGTTAACATCGAGGGCCCGATACTCTGACCCTCCGCCCGGGGACTACGAGCACTAGCTTAAAACCCAAAGGACTTGGCGGTGCTTTACCC,16,0,0,0,0,0,0,0,0,0,0,0,0,0,0,0,0,0,0,0,0,0,0,0,0,0,0,0,0,0,0,0,0,0,0,0,0,0,0,0,0,0
ACTATGCTTAGCCCTAAATACAGATAAAATTACACTTTACTTTATCCGCCCGGGTACTACGAGCATTAGCTTGAAACCCAAAGGACTTGGCGGTGCTTTAGACCCAT,1,Tidewater_or_slender_mojarra,ACTATGCTTAGCCCTAAATACAGATAAAATTACACTTTACTTTATCCGCCCGGGTACTACGAGCATTAGCTTGAAACCCAAAGGACTTGGCGGTGCTTTAGACCCAT,0,0,0,0,11,0,0,0,0,0,0,0,0,0,0,0,0,0,0,0,0,0,0,0,0,0,0,0,0,0,0,0,0,0,0,0,0,0,0,0,0,0
